{
  "$schema": "./node_modules/nx/schemas/nx-schema.json",
  "npmScope": "task-management",
  "affected": {
    "defaultBase": "main"
  },
  "tasksRunnerOptions": {
    "default": {
      "runner": "nx/tasks-runners/default",
      "options": {
        "cacheableOperations": ["build", "lint", "test", "e2e"]
      }
    }
  },
  "targetDefaults": {
    "build": {
      "dependsOn": ["^build"],
      "inputs": ["production", "^production"],
      "cache": true
    },
    "lint": {
      "inputs": ["default", "{workspaceRoot}/.eslintrc.json"],
      "cache": true
    },
    "test": {
      "inputs": ["default", "^default", "{workspaceRoot}/jest.preset.js"],
      "cache": true
    }
  },
  "namedInputs": {
    "default": ["{projectRoot}/**/*", "sharedGlobals"],
    "production": [
      "default",
      "!{projectRoot}/**/?(*.)+(spec|test).[jt]s?(x)?(.snap)",
      "!{projectRoot}/tsconfig.spec.json",
      "!{projectRoot}/jest.config.[jt]s",
      "!{projectRoot}/.eslintrc.json"
    ],
    "sharedGlobals": []
  },
  "generators": {
    "@nx/angular:application": {
      "style": "css",
      "linter": "eslint",
      "unitTestRunner": "jest",
      "e2eTestRunner": "none"
    },
    "@nx/angular:library": {
      "linter": "eslint",
      "unitTestRunner": "jest"
    },
    "@nx/angular:component": {
      "style": "css"
    }
  },
  "defaultProject": "dashboard"
}
